{"_ts": 1771997178.0559227, "payload": {"channel_id": "UCA_23dkEYToAc37hjSsCnXA", "channel_name": "MixiGaming", "description": "- Mình là Độ -\n\n\n- Thỉnh thoảng rảnh chó ko có gì làm mình hay edit clip vui, tất cả đều do team mình chơi tự nhiên, trong clip có khá nhiều từ ngữ bậy bạ nên các bạn lưu ý xung quanh trước khi xem - \n\n\n- Hãy like, share, và subcribe nếu bạn thấy clip hay để mình có động lực ra mắt các sản phẩm tiếp theo :3 cám ơn tất cả các bạn đã quan tâm, theo dõi -\n", "subscribers": 8210000, "total_views": 4210506164, "video_count": 3718, "published_at": "2012-11-24T01:45:34Z", "country": "VN"}}