{"_ts": 1771997152.0779505, "payload": [{"video_id": "KaUuPNYHFNg", "title": "I Built a School in Mexico", "published_at": "2026-02-22T17:00:00Z", "channel_id": "UCX6OQ3DkcsbYNE6H8uQQuVA"}, {"video_id": "5OLs1GWB4OA", "title": "I Built 10 Schools Around The World", "published_at": "2026-02-21T17:00:07Z", "channel_id": "UCX6OQ3DkcsbYNE6H8uQQuVA"}, {"video_id": "hjkbqeWQAM8", "title": "Every Step You Take, Win $1,000", "published_at": "2026-02-18T20:00:03Z", "channel_id": "UCX6OQ3DkcsbYNE6H8uQQuVA"}, {"video_id": "9WEQts7b8Pw", "title": "Ages 1 - 100 Race For $250,000!", "published_at": "2026-02-07T17:00:01Z", "channel_id": "UCX6OQ3DkcsbYNE6H8uQQuVA"}, {"video_id": "26QQE7EsnLA", "title": "MrBeast Lab Disaster!", "published_at": "2025-11-03T17:00:01Z", "channel_id": "UCX6OQ3DkcsbYNE6H8uQQuVA"}, {"video_id": "oiZvK6MY7tI", "title": "Call Your Ex, Win $10,000", "published_at": "2025-10-07T16:00:00Z", "channel_id": "UCX6OQ3DkcsbYNE6H8uQQuVA"}, {"video_id": "TDv56whosPQ", "title": "Survive 100 Days In Prison, Win $500,000", "published_at": "2025-08-16T19:00:02Z", "channel_id": "UCX6OQ3DkcsbYNE6H8uQQuVA"}, {"video_id": "R_BmT1OJw98", "title": "Every YouTube Play Button I Have", "published_at": "2025-08-15T16:00:01Z", "channel_id": "UCX6OQ3DkcsbYNE6H8uQQuVA"}, {"video_id": "EiFcNbXBqeo", "title": "Jet Engine vs Human for $10k", "published_at": "2025-07-20T16:00:01Z", "channel_id": "UCX6OQ3DkcsbYNE6H8uQQuVA"}, {"video_id": "V6In4tmd-w8", "title": "$1 vs $25,000 VFX", "published_at": "2025-06-19T17:00:41Z", "channel_id": "UCX6OQ3DkcsbYNE6H8uQQuVA"}, {"video_id": "nAiKLoCP-kU", "title": "Reach the Money, Win $10,000", "published_at": "2025-02-14T18:15:00Z", "channel_id": "UCX6OQ3DkcsbYNE6H8uQQuVA"}, {"video_id": "NDsO1LT_0lw", "title": "I Spent 100 Hours Inside The Pyramids!", "published_at": "2025-02-08T17:00:00Z", "channel_id": "UCX6OQ3DkcsbYNE6H8uQQuVA"}, {"video_id": "sF5LYGgKbUA", "title": "Every Minute One Person Is Eliminated", "published_at": "2025-01-25T17:00:01Z", "channel_id": "UCX6OQ3DkcsbYNE6H8uQQuVA"}, {"video_id": "gs8qfL9PNac", "title": "2,000 People Fight For $5,000,000", "published_at": "2024-12-19T17:00:00Z", "channel_id": "UCX6OQ3DkcsbYNE6H8uQQuVA"}, {"video_id": "SWc8fI_9iqA", "title": "Ronaldo Teaches Me How To SIUU", "published_at": "2024-12-01T17:00:00Z", "channel_id": "UCX6OQ3DkcsbYNE6H8uQQuVA"}, {"video_id": "8krJy31Diow", "title": "Holding Bigger And Bigger Dogs", "published_at": "2024-09-16T18:00:00Z", "channel_id": "UCX6OQ3DkcsbYNE6H8uQQuVA"}, {"video_id": "8bTQMDM4qvY", "title": "Spot The Fake Animal For $10,000", "published_at": "2024-07-19T16:00:00Z", "channel_id": "UCX6OQ3DkcsbYNE6H8uQQuVA"}, {"video_id": "T8I165Qxeo8", "title": "Sprinting with More and More Money", "published_at": "2024-05-30T16:00:01Z", "channel_id": "UCX6OQ3DkcsbYNE6H8uQQuVA"}, {"video_id": "CWbV3NItSdY", "title": "The World&#39;s Fastest Cleaners", "published_at": "2024-04-25T16:00:03Z", "channel_id": "UCX6OQ3DkcsbYNE6H8uQQuVA"}, {"video_id": "7ESeQBeikKs", "title": "Protect $500,000 Keep It!", "published_at": "2024-01-13T17:00:00Z", "channel_id": "UCX6OQ3DkcsbYNE6H8uQQuVA"}, {"video_id": "K_CbgLpvH9E", "title": "I Spent 7 Days In Solitary Confinement", "published_at": "2023-12-30T17:00:03Z", "channel_id": "UCX6OQ3DkcsbYNE6H8uQQuVA"}, {"video_id": "c0v8OPItCOg", "title": "$100,000,000 Bathroom", "published_at": "2023-10-17T17:00:00Z", "channel_id": "UCX6OQ3DkcsbYNE6H8uQQuVA"}, {"video_id": "3ryID_SwU5E", "title": "$1 vs $100,000,000 House!", "published_at": "2023-10-14T16:00:00Z", "channel_id": "UCX6OQ3DkcsbYNE6H8uQQuVA"}, {"video_id": "IemzxkkzI5s", "title": "I Tipped A Pizza Delivery Driver A Car", "published_at": "2023-10-12T17:30:03Z", "channel_id": "UCX6OQ3DkcsbYNE6H8uQQuVA"}, {"video_id": "vBpQ1SlfVtU", "title": "Lamborghini Vs World&#39;s Largest Shredder", "published_at": "2023-09-02T16:00:00Z", "channel_id": "UCX6OQ3DkcsbYNE6H8uQQuVA"}, {"video_id": "yhB3BgJyGl8", "title": "7 Days Stranded At Sea", "published_at": "2023-08-05T16:00:01Z", "channel_id": "UCX6OQ3DkcsbYNE6H8uQQuVA"}, {"video_id": "ooAwCOP67GQ", "title": "Do Pawnshops Scam You?", "published_at": "2023-06-03T16:59:57Z", "channel_id": "UCX6OQ3DkcsbYNE6H8uQQuVA"}, {"video_id": "7IKab3HcfFk", "title": "I Survived 50 Hours In Antarctica", "published_at": "2022-12-24T20:59:59Z", "channel_id": "UCX6OQ3DkcsbYNE6H8uQQuVA"}, {"video_id": "h5NvTTOlOtI", "title": "Hydraulic Press Vs Lamborghini", "published_at": "2022-12-10T21:00:01Z", "channel_id": "UCX6OQ3DkcsbYNE6H8uQQuVA"}, {"video_id": "kX3nB4PpJko", "title": "Last To Take Hand Off Jet, Keeps It!", "published_at": "2022-11-12T21:00:00Z", "channel_id": "UCX6OQ3DkcsbYNE6H8uQQuVA"}, {"video_id": "iogcY_4xGjo", "title": "$1 vs $1,000,000 Hotel Room!", "published_at": "2022-10-22T21:00:00Z", "channel_id": "UCX6OQ3DkcsbYNE6H8uQQuVA"}, {"video_id": "Hwybp38GnZw", "title": "I Built Willy Wonka&#39;s Chocolate Factory!", "published_at": "2022-06-04T20:00:02Z", "channel_id": "UCX6OQ3DkcsbYNE6H8uQQuVA"}, {"video_id": "00NgUctWoLQ", "title": "Extreme $1,000,000 Hide And Seek", "published_at": "2021-12-18T21:00:00Z", "channel_id": "UCX6OQ3DkcsbYNE6H8uQQuVA"}, {"video_id": "nM89Wl03Q4g", "title": "I Survived 50 Hours In A Maximum Security Prison", "published_at": "2021-06-26T20:00:02Z", "channel_id": "UCX6OQ3DkcsbYNE6H8uQQuVA"}, {"video_id": "TQHEJj68Jew", "title": "I Got Hunted By A Real Bounty Hunter", "published_at": "2021-04-24T20:00:00Z", "channel_id": "UCX6OQ3DkcsbYNE6H8uQQuVA"}, {"video_id": "WcwGleN38zE", "title": "Extreme $100,000 Game of Tag!", "published_at": "2021-04-17T20:00:00Z", "channel_id": "UCX6OQ3DkcsbYNE6H8uQQuVA"}, {"video_id": "vp5sSqyZ5Go", "title": "I Filled My Brother’s House With Slime &amp; Bought Him A New One", "published_at": "2020-10-10T20:00:31Z", "channel_id": "UCX6OQ3DkcsbYNE6H8uQQuVA"}, {"video_id": "YQDDm9HLkV4", "title": "I Adopted EVERY Dog In A Dog Shelter", "published_at": "2020-07-23T20:00:11Z", "channel_id": "UCX6OQ3DkcsbYNE6H8uQQuVA"}, {"video_id": "OAbP-V6fEVc", "title": "I Broke Into A House", "published_at": "2020-06-25T20:00:00Z", "channel_id": "UCX6OQ3DkcsbYNE6H8uQQuVA"}, {"video_id": "_qAJMXfL6o0", "title": "Would You Rather Have $100,000 OR This Mystery Key?", "published_at": "2020-06-13T20:00:01Z", "channel_id": "UCX6OQ3DkcsbYNE6H8uQQuVA"}, {"video_id": "tQ4m4zD7BBA", "title": "Last To Fall Wins $1,000,000 (Part 1)", "published_at": "2019-11-14T21:00:31Z", "channel_id": "UCX6OQ3DkcsbYNE6H8uQQuVA"}, {"video_id": "anFxsa5jXrE", "title": "I Searched 100 Dumpsters, Here&#39;s What I Found", "published_at": "2019-10-12T20:10:01Z", "channel_id": "UCX6OQ3DkcsbYNE6H8uQQuVA"}, {"video_id": "TOcGSwJBPMQ", "title": "I Spent 24 Hours Straight At Area 51", "published_at": "2019-08-02T21:00:01Z", "channel_id": "UCX6OQ3DkcsbYNE6H8uQQuVA"}, {"video_id": "Ooke4YZv8Ts", "title": "Surviving 24 Hours Straight In A Desert", "published_at": "2019-03-16T20:05:00Z", "channel_id": "UCX6OQ3DkcsbYNE6H8uQQuVA"}]}