{"_ts": 1771997178.3377812, "payload": [{"video_id": "YmRW2sGSAyE", "title": "(Restream) Chúc mừng năm mới toàn thể anh em Bộ Tộc Mixigaming và chia sẻ định hướng trong năm 2026.", "published_at": "2026-02-24T20:21:09Z", "channel_id": "UCA_23dkEYToAc37hjSsCnXA"}, {"video_id": "cWF-yVPgSnQ", "title": "(DailyVlog) Về thăm nhà QNT, cùng anh em gói bánh chưng chuẩn bị cho tết 2026.", "published_at": "2026-02-16T13:01:13Z", "channel_id": "UCA_23dkEYToAc37hjSsCnXA"}]}