{"_ts": 1771997178.4111216, "payload": {"YmRW2sGSAyE": {"video_id": "YmRW2sGSAyE", "title": "(Restream) Chúc mừng năm mới toàn thể anh em Bộ Tộc Mixigaming và chia sẻ định hướng trong năm 2026.", "published_at": "2026-02-24T20:21:09Z", "channel_id": "UCA_23dkEYToAc37hjSsCnXA", "tags": ["Mixigaming", "Mixi", "Độ Tày", "Streamer Mixigaming", "Mixigaming Funny Stream", "mixivlog", "do mixi", "mixigaming", "mixi", "độ tày", "độ mixi", "độ mixi stream", "restream", "restream hôm qua", "restream độ mixi", "pubg duo", "pubg refund", "pubg mixi", "độ mixi restream", "restream mixi", "độ mixi reaction", "độ mixi live", "độ mixi funny", "mixi live", "mixi gaming", "độ phùng", "mixi meme", "mixi pubg", "diễu binh", "diễu binh 2/9", "2/9", "quốc khánh 2/9", "trực tiếp diễu binh", "a80", "a80 trực tiếp", "trực tiếp lễ diễu binh 2/9"], "category_id": "24", "views": 463543, "likes": 9420, "comments": 0, "duration_seconds": 17056}, "cWF-yVPgSnQ": {"video_id": "cWF-yVPgSnQ", "title": "(DailyVlog) Về thăm nhà QNT, cùng anh em gói bánh chưng chuẩn bị cho tết 2026.", "published_at": "2026-02-16T13:01:13Z", "channel_id": "UCA_23dkEYToAc37hjSsCnXA", "tags": ["mixi", "mixi gaming", "độ mixi", "phùng thanh độ", "độ phùng", "độ tày", "mixi vlog", "mixi live", "streamer việt nam", "funny", "funny game", "mixigaming funny", "funny stream", "pubg", "csgo", "gta v", "refund", "refund gaming", "talkshow", "daily vlog", "tùng sói", "nhu nhi", "tùng sói vlog", "nhu nhi vlog", "lego", "vlogger", "gia đình mixi", "gia đình độ mixi", "vlog gia đình", "tùng sói nhu nhi"], "category_id": "24", "views": 1175301, "likes": 24018, "comments": 665, "duration_seconds": 4876}}}