{"_ts": 1771997178.6702497, "payload": {"YmRW2sGSAyE": {"video_id": "YmRW2sGSAyE", "title": "(Restream) Chúc mừng năm mới toàn thể anh em Bộ Tộc Mixigaming và chia sẻ định hướng trong năm 2026.", "published_at": "2026-02-24T20:21:09Z", "channel_id": "UCA_23dkEYToAc37hjSsCnXA", "tags": ["Mixigaming", "Mixi", "Độ Tày", "Streamer Mixigaming", "Mixigaming Funny Stream", "mixivlog", "do mixi", "mixigaming", "mixi", "độ tày", "độ mixi", "độ mixi stream", "restream", "restream hôm qua", "restream độ mixi", "pubg duo", "pubg refund", "pubg mixi", "độ mixi restream", "restream mixi", "độ mixi reaction", "độ mixi live", "độ mixi funny", "mixi live", "mixi gaming", "độ phùng", "mixi meme", "mixi pubg", "diễu binh", "diễu binh 2/9", "2/9", "quốc khánh 2/9", "trực tiếp diễu binh", "a80", "a80 trực tiếp", "trực tiếp lễ diễu binh 2/9"], "category_id": "24", "views": 463543, "likes": 9420, "comments": 0, "duration_seconds": 17056}}}