{"_ts": 1771997152.2891092, "payload": {"KaUuPNYHFNg": {"video_id": "KaUuPNYHFNg", "title": "I Built a School in Mexico", "published_at": "2026-02-22T17:00:00Z", "channel_id": "UCX6OQ3DkcsbYNE6H8uQQuVA", "tags": [], "category_id": "24", "views": 8447910, "likes": 393360, "comments": 7821, "duration_seconds": 40}, "5OLs1GWB4OA": {"video_id": "5OLs1GWB4OA", "title": "I Built 10 Schools Around The World", "published_at": "2026-02-21T17:00:07Z", "channel_id": "UCX6OQ3DkcsbYNE6H8uQQuVA", "tags": [], "category_id": "24", "views": 34644523, "likes": 1639877, "comments": 69017, "duration_seconds": 965}, "hjkbqeWQAM8": {"video_id": "hjkbqeWQAM8", "title": "Every Step You Take, Win $1,000", "published_at": "2026-02-18T20:00:03Z", "channel_id": "UCX6OQ3DkcsbYNE6H8uQQuVA", "tags": [], "category_id": "24", "views": 61565849, "likes": 1026627, "comments": 6584, "duration_seconds": 42}, "9WEQts7b8Pw": {"video_id": "9WEQts7b8Pw", "title": "Ages 1 - 100 Race For $250,000!", "published_at": "2026-02-07T17:00:01Z", "channel_id": "UCX6OQ3DkcsbYNE6H8uQQuVA", "tags": [], "category_id": "24", "views": 67424058, "likes": 1403141, "comments": 74868, "duration_seconds": 1411}, "26QQE7EsnLA": {"video_id": "26QQE7EsnLA", "title": "MrBeast Lab Disaster!", "published_at": "2025-11-03T17:00:01Z", "channel_id": "UCX6OQ3DkcsbYNE6H8uQQuVA", "tags": [], "category_id": "24", "views": 33733193, "likes": 1295913, "comments": 16383, "duration_seconds": 67}, "oiZvK6MY7tI": {"video_id": "oiZvK6MY7tI", "title": "Call Your Ex, Win $10,000", "published_at": "2025-10-07T16:00:00Z", "channel_id": "UCX6OQ3DkcsbYNE6H8uQQuVA", "tags": [], "category_id": "24", "views": 103003565, "likes": 2688322, "comments": 9868, "duration_seconds": 34}, "TDv56whosPQ": {"video_id": "TDv56whosPQ", "title": "Survive 100 Days In Prison, Win $500,000", "published_at": "2025-08-16T19:00:02Z", "channel_id": "UCX6OQ3DkcsbYNE6H8uQQuVA", "tags": [], "category_id": "24", "views": 145302512, "likes": 3046822, "comments": 42446, "duration_seconds": 2376}, "R_BmT1OJw98": {"video_id": "R_BmT1OJw98", "title": "Every YouTube Play Button I Have", "published_at": "2025-08-15T16:00:01Z", "channel_id": "UCX6OQ3DkcsbYNE6H8uQQuVA", "tags": [], "category_id": "24", "views": 224805943, "likes": 3382082, "comments": 20329, "duration_seconds": 15}, "EiFcNbXBqeo": {"video_id": "EiFcNbXBqeo", "title": "Jet Engine vs Human for $10k", "published_at": "2025-07-20T16:00:01Z", "channel_id": "UCX6OQ3DkcsbYNE6H8uQQuVA", "tags": [], "category_id": "24", "views": 144818611, "likes": 2273110, "comments": 6964, "duration_seconds": 24}, "V6In4tmd-w8": {"video_id": "V6In4tmd-w8", "title": "$1 vs $25,000 VFX", "published_at": "2025-06-19T17:00:41Z", "channel_id": "UCX6OQ3DkcsbYNE6H8uQQuVA", "tags": [], "category_id": "24", "views": 105638858, "likes": 2502987, "comments": 13879, "duration_seconds": 23}, "nAiKLoCP-kU": {"video_id": "nAiKLoCP-kU", "title": "Reach the Money, Win $10,000", "published_at": "2025-02-14T18:15:00Z", "channel_id": "UCX6OQ3DkcsbYNE6H8uQQuVA", "tags": [], "category_id": "24", "views": 509540056, "likes": 7842967, "comments": 10229, "duration_seconds": 25}, "NDsO1LT_0lw": {"video_id": "NDsO1LT_0lw", "title": "I Spent 100 Hours Inside The Pyramids!", "published_at": "2025-02-08T17:00:00Z", "channel_id": "UCX6OQ3DkcsbYNE6H8uQQuVA", "tags": [], "category_id": "24", "views": 225321090, "likes": 5342882, "comments": 100623, "duration_seconds": 1303}, "sF5LYGgKbUA": {"video_id": "sF5LYGgKbUA", "title": "Every Minute One Person Is Eliminated", "published_at": "2025-01-25T17:00:01Z", "channel_id": "UCX6OQ3DkcsbYNE6H8uQQuVA", "tags": [], "category_id": "24", "views": 160475135, "likes": 3137399, "comments": 76287, "duration_seconds": 2086}, "gs8qfL9PNac": {"video_id": "gs8qfL9PNac", "title": "2,000 People Fight For $5,000,000", "published_at": "2024-12-19T17:00:00Z", "channel_id": "UCX6OQ3DkcsbYNE6H8uQQuVA", "tags": [], "category_id": "24", "views": 195023067, "likes": 4624778, "comments": 51149, "duration_seconds": 1485}, "SWc8fI_9iqA": {"video_id": "SWc8fI_9iqA", "title": "Ronaldo Teaches Me How To SIUU", "published_at": "2024-12-01T17:00:00Z", "channel_id": "UCX6OQ3DkcsbYNE6H8uQQuVA", "tags": [], "category_id": "24", "views": 359938766, "likes": 9441009, "comments": 36405, "duration_seconds": 15}, "8krJy31Diow": {"video_id": "8krJy31Diow", "title": "Holding Bigger And Bigger Dogs", "published_at": "2024-09-16T18:00:00Z", "channel_id": "UCX6OQ3DkcsbYNE6H8uQQuVA", "tags": [], "category_id": "24", "views": 338576837, "likes": 8154327, "comments": 10697, "duration_seconds": 17}, "8bTQMDM4qvY": {"video_id": "8bTQMDM4qvY", "title": "Spot The Fake Animal For $10,000", "published_at": "2024-07-19T16:00:00Z", "channel_id": "UCX6OQ3DkcsbYNE6H8uQQuVA", "tags": [], "category_id": "24", "views": 631967169, "likes": 17231776, "comments": 29349, "duration_seconds": 40}, "T8I165Qxeo8": {"video_id": "T8I165Qxeo8", "title": "Sprinting with More and More Money", "published_at": "2024-05-30T16:00:01Z", "channel_id": "UCX6OQ3DkcsbYNE6H8uQQuVA", "tags": [], "category_id": "24", "views": 321628410, "likes": 11970185, "comments": 86380, "duration_seconds": 29}, "CWbV3NItSdY": {"video_id": "CWbV3NItSdY", "title": "The World's Fastest Cleaners", "published_at": "2024-04-25T16:00:03Z", "channel_id": "UCX6OQ3DkcsbYNE6H8uQQuVA", "tags": [], "category_id": "24", "views": 715685091, "likes": 26451964, "comments": 43659, "duration_seconds": 35}, "7ESeQBeikKs": {"video_id": "7ESeQBeikKs", "title": "Protect $500,000 Keep It!", "published_at": "2024-01-13T17:00:00Z", "channel_id": "UCX6OQ3DkcsbYNE6H8uQQuVA", "tags": [], "category_id": "24", "views": 191635764, "likes": 4799537, "comments": 70361, "duration_seconds": 934}, "K_CbgLpvH9E": {"video_id": "K_CbgLpvH9E", "title": "I Spent 7 Days In Solitary Confinement", "published_at": "2023-12-30T17:00:03Z", "channel_id": "UCX6OQ3DkcsbYNE6H8uQQuVA", "tags": [], "category_id": "24", "views": 277721821, "likes": 5460055, "comments": 84235, "duration_seconds": 1216}, "c0v8OPItCOg": {"video_id": "c0v8OPItCOg", "title": "$100,000,000 Bathroom", "published_at": "2023-10-17T17:00:00Z", "channel_id": "UCX6OQ3DkcsbYNE6H8uQQuVA", "tags": [], "category_id": "24", "views": 366613879, "likes": 12732261, "comments": 23315, "duration_seconds": 50}, "3ryID_SwU5E": {"video_id": "3ryID_SwU5E", "title": "$1 vs $100,000,000 House!", "published_at": "2023-10-14T16:00:00Z", "channel_id": "UCX6OQ3DkcsbYNE6H8uQQuVA", "tags": [], "category_id": "24", "views": 411400640, "likes": 6432508, "comments": 135024, "duration_seconds": 1023}, "IemzxkkzI5s": {"video_id": "IemzxkkzI5s", "title": "I Tipped A Pizza Delivery Driver A Car", "published_at": "2023-10-12T17:30:03Z", "channel_id": "UCX6OQ3DkcsbYNE6H8uQQuVA", "tags": [], "category_id": "24", "views": 684104126, "likes": 26695133, "comments": 35208, "duration_seconds": 52}, "vBpQ1SlfVtU": {"video_id": "vBpQ1SlfVtU", "title": "Lamborghini Vs World's Largest Shredder", "published_at": "2023-09-02T16:00:00Z", "channel_id": "UCX6OQ3DkcsbYNE6H8uQQuVA", "tags": [], "category_id": "24", "views": 262140741, "likes": 5726676, "comments": 142866, "duration_seconds": 899}, "yhB3BgJyGl8": {"video_id": "yhB3BgJyGl8", "title": "7 Days Stranded At Sea", "published_at": "2023-08-05T16:00:01Z", "channel_id": "UCX6OQ3DkcsbYNE6H8uQQuVA", "tags": [], "category_id": "24", "views": 415303220, "likes": 8294010, "comments": 127789, "duration_seconds": 1085}, "ooAwCOP67GQ": {"video_id": "ooAwCOP67GQ", "title": "Do Pawnshops Scam You?", "published_at": "2023-06-03T16:59:57Z", "channel_id": "UCX6OQ3DkcsbYNE6H8uQQuVA", "tags": [], "category_id": "24", "views": 443352804, "likes": 16646846, "comments": 25997, "duration_seconds": 33}, "7IKab3HcfFk": {"video_id": "7IKab3HcfFk", "title": "I Survived 50 Hours In Antarctica", "published_at": "2022-12-24T20:59:59Z", "channel_id": "UCX6OQ3DkcsbYNE6H8uQQuVA", "tags": [], "category_id": "24", "views": 254397229, "likes": 5832229, "comments": 142937, "duration_seconds": 730}, "h5NvTTOlOtI": {"video_id": "h5NvTTOlOtI", "title": "Hydraulic Press Vs Lamborghini", "published_at": "2022-12-10T21:00:01Z", "channel_id": "UCX6OQ3DkcsbYNE6H8uQQuVA", "tags": [], "category_id": "24", "views": 266365078, "likes": 5791750, "comments": 124214, "duration_seconds": 625}, "kX3nB4PpJko": {"video_id": "kX3nB4PpJko", "title": "Last To Take Hand Off Jet, Keeps It!", "published_at": "2022-11-12T21:00:00Z", "channel_id": "UCX6OQ3DkcsbYNE6H8uQQuVA", "tags": [], "category_id": "24", "views": 245618237, "likes": 4945353, "comments": 99900, "duration_seconds": 937}, "iogcY_4xGjo": {"video_id": "iogcY_4xGjo", "title": "$1 vs $1,000,000 Hotel Room!", "published_at": "2022-10-22T21:00:00Z", "channel_id": "UCX6OQ3DkcsbYNE6H8uQQuVA", "tags": [], "category_id": "24", "views": 425791673, "likes": 7501805, "comments": 114338, "duration_seconds": 941}, "Hwybp38GnZw": {"video_id": "Hwybp38GnZw", "title": "I Built Willy Wonka's Chocolate Factory!", "published_at": "2022-06-04T20:00:02Z", "channel_id": "UCX6OQ3DkcsbYNE6H8uQQuVA", "tags": [], "category_id": "24", "views": 371305684, "likes": 6927668, "comments": 155698, "duration_seconds": 971}, "00NgUctWoLQ": {"video_id": "00NgUctWoLQ", "title": "Extreme $1,000,000 Hide And Seek", "published_at": "2021-12-18T21:00:00Z", "channel_id": "UCX6OQ3DkcsbYNE6H8uQQuVA", "tags": [], "category_id": "24", "views": 110525091, "likes": 3652186, "comments": 116553, "duration_seconds": 729}, "nM89Wl03Q4g": {"video_id": "nM89Wl03Q4g", "title": "I Survived 50 Hours In A Maximum Security Prison", "published_at": "2021-06-26T20:00:02Z", "channel_id": "UCX6OQ3DkcsbYNE6H8uQQuVA", "tags": [], "category_id": "24", "views": 295781756, "likes": 4456153, "comments": 98719, "duration_seconds": 754}, "TQHEJj68Jew": {"video_id": "TQHEJj68Jew", "title": "I Got Hunted By A Real Bounty Hunter", "published_at": "2021-04-24T20:00:00Z", "channel_id": "UCX6OQ3DkcsbYNE6H8uQQuVA", "tags": [], "category_id": "24", "views": 236832729, "likes": 4366412, "comments": 119913, "duration_seconds": 808}, "WcwGleN38zE": {"video_id": "WcwGleN38zE", "title": "Extreme $100,000 Game of Tag!", "published_at": "2021-04-17T20:00:00Z", "channel_id": "UCX6OQ3DkcsbYNE6H8uQQuVA", "tags": [], "category_id": "24", "views": 270133654, "likes": 4008694, "comments": 116277, "duration_seconds": 999}, "vp5sSqyZ5Go": {"video_id": "vp5sSqyZ5Go", "title": "I Filled My Brother’s House With Slime & Bought Him A New One", "published_at": "2020-10-10T20:00:31Z", "channel_id": "UCX6OQ3DkcsbYNE6H8uQQuVA", "tags": [], "category_id": "24", "views": 259825361, "likes": 4123926, "comments": 115935, "duration_seconds": 565}, "YQDDm9HLkV4": {"video_id": "YQDDm9HLkV4", "title": "I Adopted EVERY Dog In A Dog Shelter", "published_at": "2020-07-23T20:00:11Z", "channel_id": "UCX6OQ3DkcsbYNE6H8uQQuVA", "tags": [], "category_id": "24", "views": 278047566, "likes": 5005214, "comments": 207110, "duration_seconds": 964}, "OAbP-V6fEVc": {"video_id": "OAbP-V6fEVc", "title": "I Broke Into A House", "published_at": "2020-06-25T20:00:00Z", "channel_id": "UCX6OQ3DkcsbYNE6H8uQQuVA", "tags": [], "category_id": "24", "views": 210222214, "likes": 3965668, "comments": 197710, "duration_seconds": 842}, "_qAJMXfL6o0": {"video_id": "_qAJMXfL6o0", "title": "Would You Rather Have $100,000 OR This Mystery Key?", "published_at": "2020-06-13T20:00:01Z", "channel_id": "UCX6OQ3DkcsbYNE6H8uQQuVA", "tags": [], "category_id": "24", "views": 283371010, "likes": 4249430, "comments": 121097, "duration_seconds": 1075}, "tQ4m4zD7BBA": {"video_id": "tQ4m4zD7BBA", "title": "Last To Fall Wins $1,000,000 (Part 1)", "published_at": "2019-11-14T21:00:31Z", "channel_id": "UCX6OQ3DkcsbYNE6H8uQQuVA", "tags": [], "category_id": "24", "views": 169669426, "likes": 3170286, "comments": 56650, "duration_seconds": 1017}, "anFxsa5jXrE": {"video_id": "anFxsa5jXrE", "title": "I Searched 100 Dumpsters, Here's What I Found", "published_at": "2019-10-12T20:10:01Z", "channel_id": "UCX6OQ3DkcsbYNE6H8uQQuVA", "tags": [], "category_id": "24", "views": 233812505, "likes": 3201866, "comments": 57096, "duration_seconds": 1029}, "TOcGSwJBPMQ": {"video_id": "TOcGSwJBPMQ", "title": "I Spent 24 Hours Straight At Area 51", "published_at": "2019-08-02T21:00:01Z", "channel_id": "UCX6OQ3DkcsbYNE6H8uQQuVA", "tags": [], "category_id": "24", "views": 195986184, "likes": 4006980, "comments": 99872, "duration_seconds": 915}, "Ooke4YZv8Ts": {"video_id": "Ooke4YZv8Ts", "title": "Surviving 24 Hours Straight In A Desert", "published_at": "2019-03-16T20:05:00Z", "channel_id": "UCX6OQ3DkcsbYNE6H8uQQuVA", "tags": [], "category_id": "24", "views": 187951561, "likes": 3413849, "comments": 96540, "duration_seconds": 844}}}